first_name,last_name,date_of_birth,email,phone_number,hire_date,staff_type
Lory,Gettings,17/05/1972,lgettings0@guardian.co.uk,+86 630 243 2073,11/04/1964,Nurse
Nina,Capey,08/04/1981,ncapey1@quantcast.com,+502 260 755 8631,07/05/1984,Administrative Staff
Vallie,Flintiff,24/12/1985,vflintiff2@skype.com,+55 818 814 9949,09/05/1982,Doctor
Casper,Shiers,09/05/1972,cshiers3@google.ca,+351 359 975 5251,15/11/1977,Administrative Staff
Jerald,Minghetti,13/10/1986,jminghetti4@utexas.edu,+62 122 451 9726,25/10/1972,Administrative Staff
Antonino,Ick,27/12/1973,aick5@soundcloud.com,+86 497 538 6416,15/05/1983,Doctor
Melisse,Camsey,22/11/1947,mcamsey6@elpais.com,+46 566 631 5359,25/06/1986,Nurse
Ulla,Howship,27/03/1984,uhowship7@earthlink.net,+92 136 947 2340,25/09/1980,Nurse
Raymund,Guerri,14/05/1961,rguerri8@aboutads.info,+81 438 753 2395,30/04/1944,Doctor
Ginger,Buston,05/03/1974,gbuston9@gov.uk,+234 439 977 3668,02/02/1979,Nurse
Tasia,Vanyashkin,11/01/1952,tvanyashkina@de.vu,+86 179 215 3304,25/05/1990,Doctor
Helsa,Hirth,11/05/1999,hhirthb@npr.org,+358 267 490 9054,24/06/1976,Nurse
Krista,Thoms,08/02/1981,kthomsc@is.gd,+66 510 786 5038,08/04/2001,Nurse
Abel,Schirach,13/04/1952,aschirachd@tmall.com,+93 433 939 6023,31/12/1960,Nurse
Gwenneth,Petrillo,30/11/1944,gpetrilloe@berkeley.edu,+62 680 311 2695,02/05/1965,Nurse
Darrel,Blackaller,24/01/1978,dblackallerf@answers.com,+62 192 868 5635,31/10/1989,Nurse
Redford,Kleingrub,14/01/1976,rkleingrubg@google.ru,+92 352 712 7225,21/04/1992,Administrative Staff
Tersina,Oldham,30/05/1997,toldhamh@google.co.jp,+377 762 421 3577,10/07/1988,Nurse
Winnah,Frude,13/03/1942,wfrudei@hud.gov,+86 155 724 4331,16/02/1949,Administrative Staff
Joye,Schruyers,06/10/1970,jschruyersj@tiny.cc,+33 716 251 1684,09/04/1980,Administrative Staff
Beatrice,Schwander,01/01/1963,bschwanderk@istockphoto.com,+63 221 564 9420,07/09/1968,Nurse
Rafaello,Joblin,23/07/1959,rjoblinl@blinklist.com,+48 305 295 7189,21/02/1982,Doctor
Gena,Norker,26/08/1983,gnorkerm@howstuffworks.com,+994 980 804 0775,14/12/1995,Doctor
Minda,Speir,02/03/1975,mspeirn@tinyurl.com,+86 893 583 3125,11/06/1946,Nurse
Jeth,Pibworth,08/08/1945,jpibwortho@apache.org,+375 802 457 9906,03/05/1964,Doctor
Hildy,Sleith,19/04/1948,hsleithp@desdev.cn,+55 190 176 9927,08/12/2001,Nurse
Charmion,Jentgens,19/07/1990,cjentgensq@mashable.com,+62 952 443 7365,19/10/1977,Nurse
Berne,Delbergue,10/09/1957,bdelberguer@w3.org,+51 280 295 0072,02/11/1966,Doctor
Kennith,Olivari,11/01/1952,kolivaris@cloudflare.com,+84 246 185 6248,23/02/1950,Doctor
Jillene,Nice,27/11/1980,jnicet@canalblog.com,+261 355 155 8189,10/09/1963,Doctor
Connie,Sweeny,03/09/1992,csweenyu@patch.com,+66 169 667 4301,29/01/1993,Administrative Staff
Lenee,McBryde,11/09/1989,lmcbrydev@umn.edu,+48 176 833 2325,05/01/1972,Administrative Staff
Lissa,Bruggen,09/01/1969,lbruggenw@163.com,+81 291 548 5076,27/08/2000,Nurse
Donielle,Mapples,08/07/1976,dmapplesx@mozilla.org,+20 827 275 9334,03/11/1956,Doctor
Doti,Piddle,24/12/2001,dpiddley@studiopress.com,+86 559 856 5286,30/01/1983,Doctor
Fara,Earngy,22/10/1940,fearngyz@sun.com,+260 247 975 9527,24/02/1995,Doctor
Guglielmo,Wake,04/12/1940,gwake10@skype.com,+7 553 400 7068,14/11/1947,Administrative Staff
Gwyneth,Reder,23/02/1951,greder11@histats.com,+62 176 967 8446,02/08/1990,Nurse
Emanuele,Luetchford,01/10/1977,eluetchford12@friendfeed.com,+63 138 897 0590,07/09/1975,Nurse
Lorry,Orchard,03/02/1996,lorchard13@gizmodo.com,+358 787 721 5203,28/11/1962,Doctor
Garnette,Winram,18/12/1981,gwinram14@google.de,+62 714 674 8138,06/08/1944,Nurse
Faustine,Anstis,09/01/1942,fanstis15@gmpg.org,+63 181 609 4408,10/09/1957,Doctor
Corena,Pieter,26/06/1942,cpieter16@google.cn,+66 939 619 1807,11/08/2000,Administrative Staff
Shayla,Smallpeace,13/08/1962,ssmallpeace17@free.fr,+86 690 742 1842,26/06/1956,Administrative Staff
Bax,Moulin,12/03/1965,bmoulin18@gizmodo.com,+33 755 355 2221,26/11/1957,Administrative Staff
Thomasa,Moseby,28/05/1975,tmoseby19@icio.us,+20 980 781 9278,11/03/1982,Nurse
Lynde,Stivey,27/06/1977,lstivey1a@instagram.com,+86 567 794 8762,14/10/1958,Doctor
Ninetta,Varden,30/07/1992,nvarden1b@naver.com,+81 245 570 1449,24/12/1943,Doctor
Owen,Cofax,23/03/1969,ocofax1c@drupal.org,+66 712 427 3921,13/10/1953,Nurse
Joan,Pillington,12/08/1968,jpillington1d@over-blog.com,+92 909 275 2590,23/08/1983,Administrative Staff
Glendon,Glasspoole,21/07/1959,gglasspoole1e@nydailynews.com,+81 128 669 9969,27/07/1990,Nurse
Xylia,Brophy,26/09/1960,xbrophy1f@quantcast.com,+86 895 722 6021,15/06/1979,Doctor
Sonnie,Way,08/07/1947,sway1g@berkeley.edu,+63 881 443 5821,18/08/1960,Nurse
Leigh,Fouracre,21/06/1977,lfouracre1h@army.mil,+47 134 507 4278,27/10/1976,Administrative Staff
Niki,McGrudder,13/05/2001,nmcgrudder1i@cnbc.com,+86 512 840 3534,25/11/1989,Administrative Staff
Adams,Cropton,21/01/1978,acropton1j@nytimes.com,+57 920 300 1603,09/11/1995,Administrative Staff
Nicol,Allabush,26/05/1965,nallabush1k@yahoo.co.jp,+63 517 949 2568,12/02/2000,Administrative Staff
Juliet,Cunningham,25/08/1997,jcunningham1l@creativecommons.org,+86 488 118 9774,23/06/1979,Nurse
Claudie,Whimp,24/06/1969,cwhimp1m@nyu.edu,+1 544 455 4281,02/12/1984,Doctor
Cassondra,Battisson,23/03/1968,cbattisson1n@usa.gov,+420 794 533 2340,18/02/1967,Administrative Staff
Ambrosius,Simoens,23/11/1992,asimoens1o@vimeo.com,+62 712 376 9976,27/02/1972,Administrative Staff
Hattie,Sitwell,08/11/1979,hsitwell1p@joomla.org,+55 473 835 3009,17/05/1953,Nurse
Auroora,Beadnall,16/04/1973,abeadnall1q@goodreads.com,+86 579 110 8335,31/07/1999,Doctor
Emelda,Yatman,11/01/1982,eyatman1r@angelfire.com,+51 436 693 2845,30/05/1991,Administrative Staff
Roldan,Rottery,08/09/1967,rrottery1s@harvard.edu,+51 799 326 8045,26/08/1965,Administrative Staff
Lin,Edmett,14/10/1990,ledmett1t@imdb.com,+62 423 295 5634,20/03/1994,Administrative Staff
Teresa,Safont,21/08/1982,tsafont1u@businessweek.com,+62 692 420 4309,17/05/1953,Administrative Staff
Shepperd,Birrel,01/03/1998,sbirrel1v@upenn.edu,+93 689 185 1858,12/10/1999,Nurse
Debor,Johansson,30/11/1980,djohansson1w@hibu.com,+1 253 943 2441,14/07/1997,Doctor
Spense,Sharram,10/09/1984,ssharram1x@whitehouse.gov,+351 641 461 3100,08/05/1975,Doctor
Nickolaus,Skone,19/10/1948,nskone1y@trellian.com,+54 891 754 8175,05/11/1940,Nurse
Charlotta,McQuaide,20/10/1940,cmcquaide1z@bluehost.com,+235 238 382 3687,15/01/1947,Doctor
Stefa,McGarrahan,12/12/1948,smcgarrahan20@istockphoto.com,+66 992 505 2940,28/09/1961,Doctor
Gilburt,Domerc,04/06/1976,gdomerc21@cnbc.com,+963 676 211 9090,01/11/1971,Doctor
Milo,Manners,04/05/1995,mmanners22@mit.edu,+81 845 177 2856,03/03/1994,Nurse
Pavia,Dayer,13/05/1941,pdayer23@nba.com,+55 280 387 3287,06/11/1948,Nurse
Vernor,Johananoff,16/04/1977,vjohananoff24@bigcartel.com,+963 528 764 9289,17/05/1987,Doctor
Almeria,Feechum,22/04/1973,afeechum25@istockphoto.com,+374 479 350 4377,02/02/1945,Nurse
Maiga,Swinburn,23/06/1995,mswinburn26@senate.gov,+258 196 243 5170,19/02/1994,Doctor
Karlie,O'Donohue,01/08/1980,kodonohue27@zdnet.com,+54 739 620 4748,05/02/1957,Doctor
Paten,Sidebotton,01/11/2001,psidebotton28@topsy.com,+237 284 866 3305,08/12/1967,Administrative Staff
Loutitia,Maffin,10/07/1970,lmaffin29@yahoo.com,+86 823 228 7467,28/07/1967,Administrative Staff
Dede,Whitehorn,13/08/1944,dwhitehorn2a@people.com.cn,+7 350 118 4535,30/01/1990,Nurse
Jodi,Vevers,19/07/1981,jvevers2b@comsenz.com,+234 664 359 8759,09/04/1945,Nurse
Melisa,Velasquez,11/01/1989,mvelasquez2c@unc.edu,+86 695 289 6942,31/08/2000,Nurse
Guinevere,Andriulis,06/01/1963,gandriulis2d@ebay.co.uk,+63 857 798 8110,01/01/1948,Doctor
Zachariah,Simonich,01/06/1992,zsimonich2e@bbb.org,+382 482 190 1057,26/02/1968,Nurse
Skelly,Bergeau,02/03/2001,sbergeau2f@house.gov,+420 458 818 9261,19/04/1997,Doctor
Carlina,Schowenburg,20/08/1997,cschowenburg2g@foxnews.com,+380 720 299 6276,12/07/1971,Administrative Staff
Kennan,Abbado,24/02/1959,kabbado2h@sakura.ne.jp,+63 496 450 0643,20/12/1981,Doctor
Letta,Lock,13/10/1963,llock2i@go.com,+98 205 423 5955,21/11/1961,Nurse
Pen,Woodyear,19/09/1985,pwoodyear2j@state.tx.us,+52 831 461 9863,13/10/1983,Administrative Staff
Chucho,Janecki,05/11/1980,cjanecki2k@senate.gov,+51 303 976 6369,25/11/1986,Doctor
Gibby,Castagnaro,09/03/1951,gcastagnaro2l@mapy.cz,+380 877 463 7723,16/05/1992,Administrative Staff
Griz,Holwell,27/09/1991,gholwell2m@lycos.com,+1 943 377 7621,13/09/1991,Nurse
Tessie,Chippendale,15/11/1959,tchippendale2n@google.fr,+46 787 409 6658,23/09/1971,Administrative Staff
Kendricks,Frise,15/07/1950,kfrise2o@ihg.com,+51 585 232 0383,12/04/1958,Nurse
Zorana,Hendrick,15/07/1999,zhendrick2p@guardian.co.uk,+1 317 402 5886,29/07/1952,Administrative Staff
Caryn,Shemming,11/02/1985,cshemming2q@stanford.edu,+33 222 491 1564,29/07/1970,Nurse
Worden,Jeays,14/03/1996,wjeays2r@google.co.uk,+55 769 896 2982,17/11/1959,Doctor
Babara,Paddy,07/07/1996,bpaddy2s@infoseek.co.jp,+92 404 477 7900,09/09/1954,Nurse
Nevile,Beirne,10/10/2001,nbeirne2t@nsw.gov.au,+1 174 848 2660,07/08/1970,Administrative Staff
Lynnet,Chene,12/05/1995,lchene2u@home.pl,+7 356 977 8016,16/12/1983,Nurse
Bill,Wiszniewski,22/02/1965,bwiszniewski2v@hao123.com,+62 952 898 4055,16/02/1942,Nurse
Ariadne,Gourley,19/07/1963,agourley2w@pbs.org,+385 956 844 9026,07/05/1960,Administrative Staff
Brigid,Messham,07/08/1977,bmessham2x@slate.com,+51 594 484 8761,15/03/1951,Nurse
Barton,Kelemen,13/01/1960,bkelemen2y@google.ca,+267 923 607 3055,31/10/1956,Administrative Staff
Rolando,Gipps,01/04/1978,rgipps2z@ucoz.ru,+351 200 573 8657,28/08/1958,Nurse
Jodie,Truckell,26/05/1951,jtruckell30@bluehost.com,+55 792 584 5146,23/09/1971,Nurse
Pall,Vanacci,13/10/2001,pvanacci31@typepad.com,+1 616 708 6067,13/04/1954,Administrative Staff
Hildy,Raecroft,12/07/1966,hraecroft32@ocn.ne.jp,+63 381 413 0850,08/09/1970,Nurse
Benedicto,Kinnin,26/12/1969,bkinnin33@livejournal.com,+504 626 125 3555,07/03/1957,Nurse
Skylar,MacGauhy,10/02/1945,smacgauhy34@multiply.com,+56 229 740 3036,21/06/1985,Nurse
Kienan,Dalbey,21/07/1987,kdalbey35@oakley.com,+7 962 894 3796,14/05/1957,Doctor
Shae,Goss,14/03/1970,sgoss36@ifeng.com,+62 777 368 7731,27/05/1970,Administrative Staff
Aile,Henrys,27/03/1979,ahenrys37@sciencedirect.com,+62 641 971 8579,22/06/1953,Nurse
Corliss,Daldan,27/09/1994,cdaldan38@youtube.com,+57 446 988 4904,26/06/1962,Nurse
Lorin,Scemp,01/10/1956,lscemp39@auda.org.au,+48 889 411 1812,09/04/1968,Administrative Staff
Annmaria,Suter,25/06/1983,asuter3a@hao123.com,+33 995 339 8180,02/05/1990,Nurse
Kyrstin,Emanson,25/08/1963,kemanson3b@redcross.org,+30 529 713 0074,05/06/1991,Administrative Staff
Marys,Mitchenson,04/10/1945,mmitchenson3c@simplemachines.org,+48 124 964 1986,03/11/1943,Administrative Staff
Kimble,Swyndley,24/03/1947,kswyndley3d@shop-pro.jp,+689 355 547 4835,09/10/1963,Administrative Staff
Tamqrah,Oliva,10/02/1967,toliva3e@harvard.edu,+420 982 388 6811,17/06/1950,Doctor
Corey,Jackman,30/04/1987,cjackman3f@shinystat.com,+46 933 704 4371,29/07/1971,Doctor
Chip,Hobbing,20/08/2001,chobbing3g@nifty.com,+84 749 723 7350,23/08/1967,Nurse
Andie,Kayzer,21/08/1999,akayzer3h@nasa.gov,+62 304 711 4145,04/12/1971,Doctor
Nikkie,Halward,04/01/1947,nhalward3i@boston.com,+54 937 579 6778,22/02/1998,Administrative Staff
Maia,Spriggs,30/12/1954,mspriggs3j@123-reg.co.uk,+62 708 616 7216,09/11/1987,Administrative Staff
Frieda,McKane,29/01/1963,fmckane3k@example.com,+86 548 456 4557,25/08/1990,Administrative Staff
Hayley,Haddacks,02/12/1996,hhaddacks3l@yahoo.co.jp,+33 863 391 4715,22/05/1989,Nurse
Brenden,Haine,25/10/1985,bhaine3m@tamu.edu,+351 152 500 4057,12/04/2001,Doctor
Den,Gaul,24/02/1991,dgaul3n@angelfire.com,+46 912 933 4111,30/09/1972,Nurse
Gillie,Spaduzza,04/05/1987,gspaduzza3o@macromedia.com,+593 995 731 2245,24/11/1990,Doctor
Beverly,Goosey,13/01/1957,bgoosey3p@ted.com,+380 903 469 8173,13/09/1952,Doctor
Traci,Wolfenden,01/01/1991,twolfenden3q@ucsd.edu,+7 503 124 1452,01/10/1962,Administrative Staff
Ashia,Cussons,15/12/1991,acussons3r@shinystat.com,+1 294 959 2364,04/09/1966,Administrative Staff
Giovanna,Wilkinson,09/01/1985,gwilkinson3s@theglobeandmail.com,+55 181 162 6831,30/11/1993,Administrative Staff
Kippy,Hubeaux,04/10/1944,khubeaux3t@dyndns.org,+62 162 294 0962,14/11/2000,Nurse
Chere,Rumin,22/04/1955,crumin3u@creativecommons.org,+358 471 590 2699,26/10/1945,Nurse
Natka,Ovill,08/03/1976,novill3v@opera.com,+967 421 702 5116,14/04/1973,Nurse
Danell,Jinkinson,26/02/1965,djinkinson3w@parallels.com,+62 307 954 0847,13/03/1974,Nurse
Estelle,Chave,04/11/1994,echave3x@addtoany.com,+81 932 516 7056,29/07/1966,Administrative Staff
Roxy,Feetham,12/03/1964,rfeetham3y@devhub.com,+47 659 568 2633,16/02/1998,Doctor
Anthe,Jenno,02/10/1940,ajenno3z@diigo.com,+63 279 449 4464,16/12/2000,Doctor
Rockey,ducarme,04/01/1947,rducarme40@howstuffworks.com,+86 639 113 9551,14/07/2000,Administrative Staff
Tristam,Templeton,08/03/1971,ttempleton41@gov.uk,+63 806 706 1607,11/05/2000,Doctor
Hyacinthe,Beevis,16/01/1952,hbeevis42@yahoo.com,+86 854 183 4280,27/11/1991,Administrative Staff
Eleonore,Sheran,06/10/1990,esheran43@exblog.jp,+351 944 561 8136,21/03/1950,Nurse
Elli,Lavin,13/06/1952,elavin44@va.gov,+46 669 846 7085,11/02/1994,Doctor
Neal,Shelton,22/07/1960,nshelton45@chron.com,+353 656 555 0670,10/03/1969,Doctor
Charita,Ivashinnikov,25/07/1962,civashinnikov46@cdc.gov,+7 208 855 2916,18/09/1965,Doctor
Pauli,Poker,18/06/1956,ppoker47@paypal.com,+46 598 633 5553,08/12/1974,Administrative Staff
Sanford,Camin,07/04/1974,scamin48@census.gov,+255 786 881 3967,27/12/1952,Doctor
Winifred,Risebarer,07/07/1979,wrisebarer49@merriam-webster.com,+1 213 503 0229,28/01/1957,Doctor
Maddie,Drummond,10/09/1952,mdrummond4a@examiner.com,+86 757 774 6117,07/03/1983,Doctor
Earle,Leon,25/07/1944,eleon4b@imageshack.us,+56 915 534 5708,18/03/1945,Doctor
Pooh,Hartup,30/03/1958,phartup4c@posterous.com,+62 396 902 7489,18/04/2001,Nurse
Mildrid,Trees,24/07/1946,mtrees4d@addtoany.com,+967 507 355 4535,11/05/1992,Doctor
Clarence,Palfrie,25/10/2001,cpalfrie4e@businesswire.com,+63 757 646 2552,16/03/1960,Doctor
Adrienne,Ardern,02/04/1965,aardern4f@ox.ac.uk,+86 254 233 7600,07/08/1940,Doctor
Aguistin,McNickle,07/04/1986,amcnickle4g@smugmug.com,+352 647 896 0250,29/09/1970,Administrative Staff
Melisent,Sayers,18/12/1973,msayers4h@pen.io,+62 480 794 4158,11/11/1960,Administrative Staff
Marlin,Aland,15/01/1970,maland4i@tuttocitta.it,+33 234 452 0883,08/04/1955,Doctor
Welby,Worssam,24/12/1946,wworssam4j@bbc.co.uk,+86 946 418 8386,17/10/1956,Doctor
Colin,Stoeck,26/06/1980,cstoeck4k@cisco.com,+351 698 868 3483,14/03/1991,Nurse
Christean,Gauson,03/02/1952,cgauson4l@plala.or.jp,+27 590 325 4762,14/02/1981,Administrative Staff
Sanford,Yegorov,08/10/1959,syegorov4m@cbslocal.com,+420 274 418 2184,13/01/1959,Nurse
Teena,Swindells,30/11/1946,tswindells4n@accuweather.com,+370 993 384 0342,10/09/1992,Doctor
Janie,Thirlaway,17/02/1978,jthirlaway4o@nydailynews.com,+351 186 412 5430,03/05/1967,Doctor
Miguela,Nance,07/12/1941,mnance4p@constantcontact.com,+62 615 197 8827,25/07/1965,Nurse
Gibb,Carlyon,07/03/1994,gcarlyon4q@apache.org,+57 943 365 6953,03/01/1951,Nurse
Nate,Woollends,03/09/1964,nwoollends4r@parallels.com,+86 858 701 8535,14/09/1948,Administrative Staff
Artair,Jeeks,19/04/1969,ajeeks4s@adobe.com,+48 445 625 9245,24/10/1999,Doctor
Karel,Janaszewski,27/01/1998,kjanaszewski4t@bluehost.com,+63 518 436 4557,25/05/1958,Nurse
Mariele,Sommersett,09/11/1982,msommersett4u@tumblr.com,+385 386 855 3066,01/08/1973,Doctor
Joey,Pellamont,29/12/1980,jpellamont4v@bizjournals.com,+380 449 143 0368,13/12/1941,Doctor
Cesaro,Bourgourd,29/03/1985,cbourgourd4w@google.co.jp,+86 393 893 6235,19/12/1968,Administrative Staff
Virgil,Golding,20/02/2001,vgolding4x@ocn.ne.jp,+63 162 535 7336,04/09/2001,Nurse
Hal,Idwal Evans,01/09/1963,hidwalevans4y@disqus.com,+351 847 714 3976,21/10/1989,Administrative Staff
Hollis,Spitaro,05/02/1989,hspitaro4z@microsoft.com,+7 773 381 2096,23/04/1999,Administrative Staff
Dougy,Thrower,20/09/1972,dthrower50@i2i.jp,+298 886 917 3155,04/10/1989,Doctor
Gloria,Comoletti,05/10/1984,gcomoletti51@virginia.edu,+62 208 940 1189,20/06/1972,Nurse
Nickola,Till,11/03/1960,ntill52@merriam-webster.com,+86 404 769 4815,18/06/1960,Doctor
Paul,Vanini,21/09/1945,pvanini53@bing.com,+33 294 652 1339,16/04/1995,Doctor
Lance,Tunnicliff,19/06/1957,ltunnicliff54@ucsd.edu,+7 519 251 5789,16/11/1962,Nurse
Ewan,Arpur,27/03/1980,earpur55@bigcartel.com,+86 860 947 6154,28/05/1968,Doctor
Murdoch,Gogay,14/09/1968,mgogay56@nasa.gov,+358 796 489 6242,26/04/1962,Administrative Staff
Deni,Gianulli,30/11/1982,dgianulli57@last.fm,+86 466 592 8198,18/04/1995,Administrative Staff
Rinaldo,Lockhart,02/05/1979,rlockhart58@wordpress.com,+86 642 474 6825,24/02/1973,Doctor
Kingsley,Castillo,08/09/1940,kcastillo59@gmpg.org,+256 572 188 6218,28/09/1963,Doctor
Kean,O'Caine,18/07/1960,kocaine5a@godaddy.com,+86 884 681 4505,27/01/1957,Administrative Staff
Diahann,Volage,19/10/1943,dvolage5b@mit.edu,+57 340 807 9011,19/03/1972,Doctor
Pen,Bonn,12/10/1989,pbonn5c@walmart.com,+62 207 275 7464,09/09/1979,Administrative Staff
Gardie,Gorler,10/03/1986,ggorler5d@answers.com,+93 366 772 5791,06/01/1947,Administrative Staff
Jonie,Origan,16/07/1949,jorigan5e@youku.com,+86 638 770 3564,19/02/1991,Administrative Staff
Herculie,Ogdahl,19/08/1990,hogdahl5f@de.vu,+51 376 644 9414,24/01/1942,Doctor
Titus,Amer,25/09/1972,tamer5g@arstechnica.com,+47 568 103 1965,03/09/1943,Administrative Staff
Ashlen,Gandrich,20/09/1964,agandrich5h@archive.org,+86 270 208 9551,29/08/1987,Doctor
Syd,Gidley,11/07/1965,sgidley5i@devhub.com,+46 602 430 3651,26/07/1993,Administrative Staff
Brittany,Klaus,18/01/1966,bklaus5j@people.com.cn,+86 284 491 1916,30/01/1982,Nurse
Bathsheba,Degue,27/11/1952,bdegue5k@clickbank.net,+46 591 841 0778,22/03/1981,Doctor
Candide,Golde,18/04/1941,cgolde5l@google.fr,+389 605 515 8680,05/01/1948,Administrative Staff
Ludwig,Strand,26/08/1978,lstrand5m@twitpic.com,+62 350 886 3355,01/05/1979,Administrative Staff
Hewet,Kleinber,12/06/1979,hkleinber5n@springer.com,+86 812 292 5938,30/04/1973,Nurse
Davey,Ogle,14/01/1946,dogle5o@mit.edu,+370 404 674 0862,16/12/1961,Administrative Staff
Kiley,Girardin,11/07/1965,kgirardin5p@amazon.com,+7 320 681 8591,11/06/1975,Doctor
Rafa,Frayn,11/06/1986,rfrayn5q@shareasale.com,+970 386 869 8239,21/05/1983,Nurse
Jacquelyn,Abbet,28/09/1981,jabbet5r@shareasale.com,+55 214 271 0494,31/05/1998,Doctor
Wilmer,Dalyell,01/09/1953,wdalyell5s@vkontakte.ru,+49 146 694 9967,07/12/1983,Doctor
Ingrid,Fatscher,15/05/1995,ifatscher5t@upenn.edu,+353 235 611 1064,15/01/1985,Nurse
Nariko,Prowse,06/06/1986,nprowse5u@godaddy.com,+993 136 896 1938,24/09/1955,Administrative Staff
Talia,Blandamore,21/08/1979,tblandamore5v@microsoft.com,+62 556 762 2230,08/06/1999,Administrative Staff
Sergio,De Bischof,27/11/1956,sdebischof5w@bigcartel.com,+86 949 774 0180,14/06/1968,Doctor
Jacqueline,Peers,25/08/1982,jpeers5x@discovery.com,+86 178 313 5982,23/04/2001,Nurse
Almira,Bowcock,04/09/1980,abowcock5y@163.com,+62 446 274 4189,12/02/2001,Doctor
Ben,Theurer,14/02/1960,btheurer5z@prlog.org,+30 672 184 6016,16/10/1946,Nurse
Arleta,Yesipov,01/09/1991,ayesipov60@huffingtonpost.com,+60 960 722 5543,02/05/1958,Doctor
Willdon,MacCart,27/01/1954,wmaccart61@alexa.com,+1 408 138 7002,26/07/1981,Nurse
Malory,Bordman,12/01/1997,mbordman62@time.com,+61 624 764 5436,21/03/1942,Administrative Staff
Herman,L'argent,08/11/1993,hlargent63@npr.org,+351 188 453 2825,07/05/1941,Doctor
Blayne,Simonou,05/01/1953,bsimonou64@infoseek.co.jp,+420 463 955 7464,10/11/1996,Doctor
Shaw,Cressy,18/10/1943,scressy65@abc.net.au,+502 308 219 6588,14/01/1961,Doctor
Sarene,Hawtry,24/06/1950,shawtry66@gov.uk,+55 528 548 6345,22/02/1958,Nurse
Kelby,Burmaster,24/05/1980,kburmaster67@nymag.com,+86 360 668 3131,30/06/1957,Administrative Staff
Kerstin,Chislett,28/11/1975,kchislett68@patch.com,+1 208 741 3400,04/07/1980,Administrative Staff
Maury,Filinkov,13/06/1975,mfilinkov69@tinypic.com,+86 237 659 5643,20/07/1949,Doctor
Amalle,Chiommienti,13/02/1973,achiommienti6a@fastcompany.com,+63 571 594 7995,22/10/2001,Nurse
Zelma,Rosenfrucht,26/11/1949,zrosenfrucht6b@springer.com,+966 216 603 8681,24/01/1991,Doctor
Doreen,Allot,03/03/1969,dallot6c@washington.edu,+55 319 393 8077,24/02/1989,Doctor
Gigi,Burris,05/09/1989,gburris6d@google.com.hk,+31 671 257 8201,16/01/1995,Doctor
Sawyer,O'Meara,10/05/1997,someara6e@google.de,+55 378 640 7590,24/10/2001,Doctor
Baxie,Scamadin,29/01/1982,bscamadin6f@csmonitor.com,+55 673 656 8291,30/06/1997,Administrative Staff
Monty,Follen,12/02/1958,mfollen6g@weibo.com,+48 114 497 8716,05/06/2001,Nurse
Zoe,Riddall,27/02/2001,zriddall6h@woothemes.com,+66 617 201 1513,12/03/1973,Administrative Staff
Stacey,O Sullivan,25/06/1968,sosullivan6i@amazon.com,+352 458 546 8226,03/10/1986,Administrative Staff
Selia,Gobbett,21/12/1979,sgobbett6j@cbc.ca,+262 283 557 6236,14/02/1955,Doctor
Melinda,Whenman,15/11/1976,mwhenman6k@goodreads.com,+7 481 278 1673,13/12/1999,Nurse
Mary,Vasyagin,13/07/1942,mvasyagin6l@geocities.jp,+81 633 652 8067,20/02/1992,Doctor
Addie,Simmen,02/12/1960,asimmen6m@phoca.cz,+48 618 920 8320,05/08/1994,Nurse
Marsha,Engeham,20/01/1956,mengeham6n@oracle.com,+86 832 239 2491,17/09/1977,Nurse
